"Keyword","Searchvolume","CPC","Jan","Feb","Mar","Apr","May","Jun","Jul","Aug","Sep","Oct","Nov","Dec"
"moon face syndrome","1600","3.18","1600","1600","1300","1300","1000","1000","1000","1300","5400","2400","1900","1000"
"how to get rid of moon face","1900","2.07","1600","1600","1900","1900","2400","1900","1900","1900","1900","2400","1900","1300"
"3ce mood recipe face blush","70","0.92","70","50","50","70","50","90","90","50","70","110","90","90"
"emotions faces printable","590","0.41","720","880","720","720","590","480","590","720","880","590","480","390"
"fastest way to get rid of moon face","1900","0.24","1600","1900","1900","2400","2400","1900","1900","1900","1600","1900","1300","1600"
"images of emotions and feelings","210","0.23","320","260","170","210","140","140","170","210","170","170","170","170"
"happy face emoji","12100","0.22","14800","14800","14800","14800","14800","12100","12100","12100","12100","12100","12100","12100"
"happy face","40500","0.21","49500","40500","49500","49500","49500","40500","40500","40500","49500","49500","40500","40500"
"feeling faces chart pdf","50","0.19","90","140","70","40","40","20","20","50","40","30","20","40"
"happy face photos","90","0.16","70","70","70","70","50","70","110","140","140","140","140","50"
"mood face","320","0.13","390","320","390","320","320","260","260","320","320","320","320","320"
"mood faces chart","170","0.13","260","210","170","170","170","140","170","170","170","170","210","170"
"different emotions faces with names","50","0.1","70","50","90","50","50","50","50","50","70","50","50","40"
"happy face drawing","2900","0.07","3600","3600","2900","3600","3600","2900","2400","3600","3600","2900","2900","2900"
"sad face","33100","0.02","40500","33100","33100","33100","33100","33100","33100","33100","33100","40500","33100","33100"
"moon face","60500","0","49500","74000","60500","49500","60500","49500","49500","49500","74000","60500","49500","49500"
"moon face steroids","4400","0","5400","6600","5400","4400","4400","3600","4400","3600","3600","4400","5400","4400"
"moon face before and after","3600","0","2400","3600","3600","3600","4400","3600","2900","2900","3600","3600","2900","2400"
"mood meme freaky","1000","0","1000","1000","1000","1600","1300","1000","1000","880","880","880","720","880"
"moon face photos","1000","0","720","1300","1600","1300","1000","880","720","1000","880","880","590","1600"
"cortisol moon face","880","0","210","320","320","1000","1000","880","1000","1300","1300","1000","880","170"
"happy faces human","720","0","1000","880","880","720","720","480","480","480","480","590","590","880"
"happy face song","720","0","880","720","720","880","1000","880","880","880","720","720","590","720"
"happy face movie","320","0","210","320","390","260","390","320","320","260","260","320","390","170"
"mood pics pinterest","70","0","90","70","90","90","70","70","50","40","50","170","70","50"
"mood pics meme","70","0","70","70","90","110","90","70","70","50","70","50","70","70"
"mood faces meme","50","0","50","50","70","50","110","50","40","50","50","30","40","50"
"mood pics funny","50","0","50","70","70","70","50","30","20","40","20","50","110","70"
"mood face meme","50","0","50","50","70","50","110","50","40","50","50","30","40","50"